date,open,high,low,close,volume
2014-04-24,27.3624,27.5757,26.915,27.0387,433808
2014-04-25,26.9721,27.2863,26.1819,26.5056,727598
2014-04-28,26.5627,26.7626,25.9819,26.6198,285436
2014-04-29,26.7531,27.0102,26.22,26.5532,220731
2014-04-30,26.6008,26.8483,26.4104,26.8388,254240
2014-05-01,26.6008,27.2006,26.6008,26.8578,400118
2014-05-02,26.8388,27.1244,26.5817,26.9816,236758
2014-05-05,26.8769,27.1911,26.6103,27.172,138634
2014-05-06,27.172,27.2672,26.7817,26.7912,157890
2014-05-07,26.7722,27.3148,26.1438,26.4199,486790
2014-05-08,26.7531,27.3529,26.5913,27.3053,287100
2014-05-09,27.3434,28.2764,26.8578,27.8956,646002
2014-05-12,27.8004,28.9619,27.7147,28.5811,463842
2014-05-13,28.5716,28.7382,28.2383,28.4573,228432
2014-05-14,28.2955,28.524,28.2193,28.2288,174075
2014-05-15,28.0765,28.4097,27.848,28.2859,427194
2014-05-16,28.4002,28.4859,27.7718,28.4097,397469
2014-05-19,28.2288,28.4668,27.9622,28.0098,316167
2014-05-20,27.9527,28.3526,27.7623,27.8385,401335
2014-05-21,28.0098,28.4383,27.8766,28.2193,298172
2014-05-22,26.7915,26.925,26.3911,26.8011,4304426
2014-05-23,26.9059,27.335,26.8201,27.1252,1255787
2014-05-27,27.3636,27.621,27.2492,27.478,1427840
2014-05-28,27.5924,27.6592,27.4303,27.6401,1081053
2014-05-29,27.7926,27.8785,27.5066,27.764,1194313
2014-05-30,27.6878,28.1406,27.5543,28.0405,3738628
2014-06-02,28.0977,28.2408,27.6782,28.1168,674792
2014-06-03,27.9643,28.3742,27.9452,28.1931,574412
2014-06-04,28.1931,28.4505,28.1645,28.3838,628349
2014-06-05,28.5268,28.6031,28.317,28.584,690423
2014-06-06,28.6984,28.8033,28.3552,28.6698,569712
2014-06-09,28.6889,29.0655,28.4314,28.87,1083730
2014-06-10,28.9272,29.2419,28.8414,29.0416,729854
2014-06-11,28.9654,29.1751,28.9082,29.0416,239411
2014-06-12,28.994,29.1027,28.8033,28.8891,313089
2014-06-13,29.137,29.2419,28.9654,29.0798,542942
2014-06-16,28.9654,29.3753,28.9558,29.2895,1550358
2014-06-17,29.2895,29.9188,29.218,29.8711,1510094
2014-06-18,29.7853,30.1762,29.7663,29.8616,630779
2014-06-19,30.0332,30.3097,29.9474,30.2716,833118
2014-06-20,30.3192,30.672,30.1476,30.6053,1248085
2014-06-23,30.5385,30.7769,30.3574,30.4909,764359
2014-06-24,30.4623,30.5671,30.1762,30.2811,769731
2014-06-25,30.1762,30.7483,29.9493,30.7197,753904
2014-06-26,30.796,30.9008,30.4051,30.5576,628080
2014-06-27,30.529,30.6339,30.119,30.2048,5245351
2014-06-30,30.3192,30.6625,30.243,30.3955,819021
2014-07-01,30.4527,30.7674,30.3765,30.5576,794220
2014-07-02,30.6243,30.9962,30.5366,30.8436,527011
2014-07-03,31.0343,31.0992,30.6529,30.9867,915006
2014-07-07,30.3478,30.5767,29.8425,30.0904,1344124
2014-07-08,30.0523,30.3955,29.7567,30.2239,962922
2014-07-09,30.2525,30.6148,30.2144,30.5147,937802
2014-07-10,30.1953,30.4718,30.1286,30.4051,766624
2014-07-11,30.3765,30.4584,29.9855,30.0141,430294
2014-07-14,30.1762,30.4089,29.9808,30.0332,444519
2014-07-15,29.9855,30.119,29.4516,29.7186,547562
2014-07-16,29.7281,30.0904,29.5946,29.8902,731311
2014-07-17,29.7853,30.2048,29.6423,29.7567,473036
2014-07-18,29.833,29.8902,29.6614,29.8187,302848
2014-07-21,29.6614,29.7949,29.423,29.6614,235627
2014-07-22,29.8235,29.9951,29.5889,29.7186,263349
2014-07-23,29.7567,29.8711,29.6018,29.7281,171530
2014-07-24,29.7663,30.1858,29.6518,29.8807,603292
2014-07-25,29.833,29.833,29.4802,29.566,167172
2014-07-28,29.5565,29.6518,29.2037,29.5565,354445
2014-07-29,29.566,29.9569,29.566,29.6709,410173
2014-07-30,29.7472,29.8902,29.5679,29.8235,576845
2014-07-31,29.7281,30.4622,29.0893,29.4516,713455
2014-08-01,29.4612,29.6423,29.1561,29.5374,511318
2014-08-04,29.5374,29.7472,29.1847,29.3086,674018
2014-08-05,29.1084,29.6614,28.8605,29.5756,816052
2014-08-06,29.4039,29.9379,29.0235,29.6614,539424
2014-08-07,29.7663,29.8807,29.1656,29.2133,325389
2014-08-08,29.2514,29.4993,29.1275,29.4135,182231
2014-08-11,29.5565,29.9283,29.4135,29.5946,597939
2014-08-12,29.566,30.0046,29.566,29.8139,389874
2014-08-13,29.9188,30.3183,29.7758,30.1667,341191
2014-08-14,30.3383,30.529,30.2239,30.4527,264374
2014-08-15,30.5862,30.7863,30.2906,30.5767,369021
2014-08-18,30.8436,31.2727,30.672,31.1678,578377
2014-08-19,31.368,31.4634,31.2536,31.4634,359711
2014-08-20,31.4538,31.4634,31.2536,31.368,226421
2014-08-21,31.4468,31.6759,31.2177,31.6568,336359
2014-08-22,31.6377,31.7332,31.5041,31.6186,208249
2014-08-25,31.8191,32.0577,31.7332,31.7332,278003
2014-08-26,31.8955,32.1437,31.7236,31.9623,475399
2014-08-27,32.1437,32.2678,31.7427,31.8573,309386
2014-08-28,31.7618,31.7618,31.3227,31.4563,371610
2014-08-29,31.59,31.6282,31.3609,31.5423,237425
2014-09-02,31.5041,31.6664,31.3418,31.6377,448902
2014-09-03,30.7117,30.7403,30.1771,30.2535,2946824
2014-09-04,30.3107,30.6162,29.9098,29.948,839663
2014-09-05,30.053,30.4062,29.9861,30.2248,736582
2014-09-08,30.1484,30.473,30.1198,30.2057,640831
2014-09-09,30.1198,30.2439,29.8525,29.9957,651185
2014-09-10,30.0148,30.1427,29.5947,29.9384,446815
2014-09-11,29.7188,30.1723,29.7188,29.8143,585407
2014-09-12,29.8907,29.9575,29.4993,29.9527,1022006
2014-09-15,29.9384,29.9384,29.1747,29.4229,507701
2014-09-16,29.3083,29.7188,29.1175,29.5947,477995
2014-09-17,29.6138,30.0625,29.5756,29.9098,489546
2014-09-18,29.948,30.3585,29.7093,30.3394,435774
2014-09-19,30.4348,30.6258,30.1389,30.368,1309791
2014-09-22,30.1675,30.5494,29.8239,29.8811,591161
2014-09-23,29.757,29.9289,29.1079,29.1079,530496
2014-09-24,29.1842,29.6425,28.9551,29.5661,766580
2014-09-25,29.547,29.7093,28.7737,28.9647,1098052
2014-09-26,29.041,29.2415,28.8787,29.1842,313907
2014-09-29,28.9074,29.337,28.704,29.2606,223953
2014-09-30,29.6616,30.0606,29.2892,29.6425,930708
2014-10-01,29.6425,29.6425,28.8787,28.9837,523228
2014-10-02,28.9837,29.0935,28.516,28.7355,842942
2014-10-03,29.5947,29.652,29.232,29.3274,882187
2014-10-06,29.5756,29.8429,29.1174,29.1842,393035
2014-10-07,29.1269,29.1269,28.6401,28.7737,795816
2014-10-08,28.8119,28.9265,28.3059,28.7928,517932
2014-10-09,28.7928,28.9351,28.4396,28.4491,571555
2014-10-10,28.2009,28.2677,27.5613,27.6949,1145897
2014-10-13,27.8095,27.9527,27.0171,27.0696,1139770
2014-10-14,27.1412,27.483,26.8739,27.1317,819382
2014-10-15,26.7689,27.3894,26.3393,27.1412,1006083
2014-10-16,26.8071,27.189,26.5875,26.9694,1092203
2014-10-17,27.2367,27.9145,27.2367,27.7331,520922
2014-10-20,27.7331,27.9623,27.4945,27.6377,491247
2014-10-21,27.7427,28.4587,27.6759,28.4396,800278
2014-10-22,28.5446,28.6592,28.156,28.1818,237231
2014-10-23,28.5064,28.7546,28.1471,28.5255,247361
2014-10-24,28.6114,28.8215,28.4873,28.6019,578248
2014-10-27,28.5732,28.8024,28.4587,28.516,395311
2014-10-28,28.6878,29.0888,28.4835,28.9647,851039
2014-10-29,28.9265,29.2987,28.5446,28.6401,467962
2014-10-30,28.6592,28.9074,28.4587,28.7642,505935
2014-10-31,29.1842,29.5661,28.7833,29.442,576288
2014-11-03,29.6043,29.7857,29.3179,29.652,549624
2014-11-04,29.5565,29.8334,29.4191,29.6329,619195
2014-11-05,29.862,29.9384,29.5756,29.9098,583696
2014-11-06,31.8382,31.9432,30.5971,31.0076,1861932
2014-11-07,31.1604,31.4372,31.0267,31.1127,898061
2014-11-10,31.3131,31.6759,31.2463,31.2654,472941
2014-11-11,31.2463,31.3227,31.0076,31.1127,365356
2014-11-12,31.084,31.275,30.8263,30.9981,843991
2014-11-13,31.5041,31.5041,30.8167,31.0936,1063472
2014-11-14,30.979,31.5423,30.7881,31.4563,1426236
2014-11-17,31.4372,31.5614,31.1699,31.38,535119
2014-11-18,31.8096,31.9241,31.0458,31.7332,784029
2014-11-19,31.8096,31.8096,31.2368,31.4086,648397
2014-11-20,31.2559,31.5518,31.1031,31.4182,735275
2014-11-21,31.8367,32.0567,31.4923,32.0567,892044
2014-11-24,32.5255,33.7786,32.2385,33.396,3062487
2014-11-25,33.6543,33.8456,33.3003,33.4056,1887923
2014-11-26,33.4438,33.6863,33.4056,33.5586,707960
2014-11-28,33.4629,34.0178,33.4629,33.5586,304392
2014-12-01,33.6064,33.6064,32.9177,32.9368,591367
2014-12-02,32.8794,33.1855,32.7933,32.8985,427420
2014-12-03,31.8558,32.4394,31.6549,32.1237,6134533
2014-12-04,32.2576,33.1951,32.0471,32.6594,2403868
2014-12-05,33.0803,33.0803,32.5159,32.8698,1400504
2014-12-08,32.8698,32.9942,32.3533,32.4776,1186756
2014-12-09,31.8558,32.7072,31.5784,32.6689,1254158
2014-12-10,32.6594,32.8124,32.1524,32.5255,1340999
2014-12-11,32.602,33.109,32.5312,32.6307,1123064
2014-12-12,32.5255,33.0612,32.2509,32.8411,2165915
2014-12-15,33.1186,33.2047,31.7018,31.7697,1396154
2014-12-16,31.2914,32.248,31.1575,31.8175,1302930
2014-12-17,31.9802,32.4968,31.7157,32.4107,646821
2014-12-18,32.5255,33.3625,32.4489,33.1568,825507
2014-12-19,32.9942,33.4821,32.8603,33.3482,1103562
2014-12-22,33.4247,33.8073,33.329,33.5586,780701
2014-12-23,33.683,34.2283,33.6715,34.0656,612272
2014-12-24,34.0752,34.4435,34.0321,34.1996,184616
2014-12-26,34.257,34.5152,34.2283,34.3622,272202
2014-12-29,34.4196,34.4291,34.1135,34.1804,450182
2014-12-30,34.0369,34.1795,33.7308,33.8073,506296
2014-12-31,33.97,34.0752,33.5299,33.6447,342077
2015-01-02,33.7308,33.7691,33.0994,33.3482,380188
2015-01-05,33.2142,33.2716,32.6689,32.9942,470181
2015-01-06,32.9942,33.176,32.3915,32.5159,515199
2015-01-07,32.8029,33.4056,32.6976,33.1951,989987
2015-01-08,33.549,34.3048,33.549,34.0274,862566
2015-01-09,34.2091,34.2626,33.7978,34.1613,779793
2015-01-12,34.1996,34.3622,33.8743,34.1613,651732
2015-01-13,34.4196,35.3188,34.1804,34.7066,1074380
2015-01-14,33.616,34.2139,33.0038,33.97,1566865
2015-01-15,34.19,34.2474,33.6447,33.8456,1175435
2015-01-16,33.6543,34.2732,33.396,34.2187,611080
2015-01-20,34.4291,34.5535,33.7117,33.97,1316153
2015-01-21,33.7978,34.1852,33.6064,33.9126,465961
2015-01-22,33.9987,34.233,33.5873,34.19,475830
2015-01-23,34.0656,34.4004,33.7155,34.19,345261
2015-01-26,34.2857,34.4196,33.7595,34.1422,786455
2015-01-27,33.7978,33.9413,32.7072,33.109,800825
2015-01-28,33.4916,33.8456,33.0325,33.0707,545473
2015-01-29,33.0516,33.3577,32.8029,33.2525,409809
2015-01-30,33.109,33.4821,32.5541,32.7742,660188
2015-02-02,32.7168,32.8316,31.7697,32.7837,1014377
2015-02-03,32.9177,33.7595,32.7359,33.7404,799552
2015-02-04,33.616,33.9604,33.4056,33.6064,369552
2015-02-05,33.7117,33.9604,33.5777,33.9221,370806
2015-02-06,34.0943,34.477,33.9317,34.4196,712227
2015-02-09,34.2187,34.5344,33.9891,34.4865,877778
2015-02-10,35.1849,35.6345,34.5918,34.8214,1553824
2015-02-11,34.6874,34.9129,34.3526,34.4291,1602377
2015-02-12,34.63,34.9553,34.4671,34.8214,1036415
2015-02-13,34.7448,35.5101,34.5057,35.424,1118112
2015-02-17,35.3666,36.2133,35.3379,36.0554,2550227
2015-02-18,36.1606,36.5146,36.065,36.2946,1462228
2015-02-19,36.352,36.3901,36.0459,36.1511,792013
2015-02-20,35.998,36.2276,35.7015,36.1128,564760
2015-02-23,36.2733,36.5608,36.1296,36.3979,1097190
2015-02-24,36.4938,36.6471,36.168,36.5033,977750
2015-02-25,36.7621,36.7621,36.3596,36.4458,667738
2015-02-26,36.81,36.8388,36.4267,36.58,554713
2015-02-27,36.3883,36.4363,36.0146,36.0625,1024227
2015-03-02,35.9954,36.4938,35.9475,36.4171,984988
2015-03-03,36.3979,36.6902,36.3883,36.5896,887461
2015-03-04,36.4075,36.6758,36.1871,36.4458,1020385
2015-03-05,36.4554,36.7176,36.1583,36.1775,1347372
2015-03-06,36.0817,36.35,35.6408,35.8325,1041294
2015-03-09,35.7846,36.025,35.7079,35.7558,1035960
2015-03-10,35.5067,35.5279,34.7304,34.8646,1068528
2015-03-11,34.7783,34.9796,34.5196,34.5962,860528
2015-03-12,34.4525,34.5867,33.6858,34.0883,1962432
2015-03-13,34.0883,34.5004,34.0212,34.4525,870480
2015-03-16,34.4621,34.9221,34.4525,34.8262,668157
2015-03-17,34.7208,34.9892,34.5867,34.7496,970398
2015-03-18,34.7879,35.315,34.5004,35.2096,1166360
2015-03-19,35.2096,35.9092,35.085,35.7654,904724
2015-03-20,35.8708,36.5704,35.7846,36.1967,2071844
2015-03-23,36.1871,36.7238,36.0338,36.3979,1252216
2015-03-24,36.2446,36.58,36.1488,36.2542,1347437
2015-03-25,36.3788,36.6183,35.66,35.8133,2130108
2015-03-26,35.775,36.0433,35.2287,35.43,852263
2015-03-27,35.3917,36.2638,35.3725,36.2446,1063218
2015-03-30,36.465,36.7621,36.0242,36.1775,1066002
2015-03-31,35.9379,36.1296,35.567,35.6887,1214967
2015-04-01,35.6504,36.005,34.9125,35.2096,885633
2015-04-02,35.1233,35.315,34.9892,35.1425,600214
2015-04-06,35.0371,35.5354,34.9978,35.3821,1007795
2015-04-07,35.4108,35.7304,35.2671,35.6312,799285
2015-04-08,35.6983,36.4938,35.6983,36.3692,760194
2015-04-09,36.3979,36.8196,36.2158,36.7717,852605
2015-04-10,36.8771,36.8771,36.257,36.8196,551009
2015-04-13,36.9058,37.0975,36.81,36.8675,555682
2015-04-14,36.8196,36.8196,36.1871,36.4458,504767
2015-04-15,36.5513,36.9538,36.005,36.8579,601040
2015-04-16,36.8292,36.925,36.35,36.5992,912881
2015-04-17,36.4075,36.4938,36.0865,36.2542,276098
2015-04-20,36.4554,36.8483,36.3308,36.7142,953775
2015-04-21,36.9154,37.1646,36.6183,37.1071,620775
2015-04-22,37.155,37.3659,36.7669,37.3083,476201
2015-04-23,37.3179,37.4329,36.7813,37.3946,715305
2015-04-24,37.5192,37.6821,37.1071,37.2508,547981
2015-04-27,37.2508,37.4233,36.925,37.1167,388719
2015-04-28,37.0304,37.3467,36.7333,37.1167,722996
2015-04-29,36.8196,37.0687,36.6183,36.9825,629398
2015-04-30,36.9346,37.2892,36.5033,36.7238,683046
2015-05-01,36.8483,37.0707,36.6088,37.0592,562411
2015-05-04,37.0688,37.431,37.0592,37.2029,761357
2015-05-05,37.155,37.3179,36.925,37.2508,802552
2015-05-06,37.1838,37.3582,36.7429,37.0304,1000145
2015-05-07,36.4171,36.8867,35.2862,35.43,2135017
2015-05-08,35.4875,36.235,35.1425,35.1712,1468811
2015-05-11,35.1042,35.3821,34.9796,35.1808,1370215
2015-05-12,35.0658,35.6025,34.9796,35.3917,831400
2015-05-13,35.4587,35.7846,35.2862,35.4492,1072111
2015-05-14,35.6792,35.8948,35.545,35.8133,682902
2015-05-15,35.9092,36.0625,35.5929,36.0146,891113
2015-05-18,36.0338,36.1641,35.66,35.9763,597463
2015-05-19,35.1712,35.5929,34.8933,35.2383,4584414
2015-05-20,35.2383,35.4204,35.1712,35.1904,1241365
2015-05-21,35.3224,35.7161,35.3032,35.62,1017783
2015-05-22,35.524,35.6681,35.3704,35.5528,398794
2015-05-26,35.4664,35.6777,34.9192,34.9672,1494714
2015-05-27,35.1208,35.4472,34.9,35.3992,1056187
2015-05-28,35.2936,35.5048,35.1976,35.476,1153291
2015-05-29,35.5144,35.7401,35.2936,35.62,2418952
2015-06-01,35.6969,35.7545,35.0824,35.524,1002049
2015-06-02,35.3992,35.6008,35.2841,35.4088,683191
2015-06-03,35.5048,35.6392,35.3032,35.4952,962652
2015-06-04,35.4088,35.4663,34.9192,35.0248,499729
2015-06-05,34.9672,35.1496,34.7271,35.1208,577904
2015-06-08,35.14,35.3224,34.7175,34.948,738847
2015-06-09,34.9096,35.1208,34.6455,35.1208,1178475
2015-06-10,35.1592,35.6969,35.1592,35.62,1112997
2015-06-11,35.7641,35.8985,35.3608,35.3992,710003
2015-06-12,35.2936,35.4472,35.2072,35.2552,295679
2015-06-15,35.2456,35.2456,34.7656,35.1304,786000
2015-06-16,34.996,35.1496,34.7319,34.9768,662799
2015-06-17,34.9768,35.3512,34.9768,35.2312,1306788
2015-06-18,35.2936,36.0089,35.1976,35.9465,1257021
2015-06-19,35.7545,35.7737,35.284,35.332,950134
2015-06-22,35.5048,35.6392,35.3224,35.4952,665563
2015-06-23,35.5432,35.7353,35.524,35.62,745634
2015-06-24,35.6104,35.6873,34.9672,35.0536,630976
2015-06-25,35.0632,35.3416,34.996,35.0152,743483
2015-06-26,34.9,35.0632,33.815,33.8919,4658643
2015-06-29,33.815,33.9111,33.191,33.2006,1226009
2015-06-30,33.4598,33.7958,32.8261,32.9125,893146
2015-07-01,33.239,33.4646,32.9797,33.2678,832329
2015-07-02,33.2294,33.4814,33.0182,33.0758,556214
2015-07-06,32.8069,33.3686,32.5189,32.7589,1296477
2015-07-07,32.8357,33.0278,32.058,33.0182,838294
2015-07-08,32.7301,32.7973,32.2981,32.4901,1039776
2015-07-09,32.7685,33.2293,32.2309,32.3941,1234335
2015-07-10,32.8357,33.0374,32.3749,32.5861,695037
2015-07-13,32.8837,33.0758,32.5477,33.0086,1062411
2015-07-14,32.9125,33.5846,32.8165,33.431,551243
2015-07-15,33.3542,33.5831,32.8645,32.9413,554650
2015-07-16,33.2774,33.2774,32.9701,33.0278,446884
2015-07-17,33.143,33.1748,32.7109,32.7877,240532
2015-07-20,32.8069,32.9311,32.4997,32.6341,502670
2015-07-21,32.4229,32.6437,32.2982,32.3845,723491
2015-07-22,32.1733,32.8741,32.0965,32.8357,1204760
2015-07-23,32.8837,33.191,32.6725,32.8645,788573
2015-07-24,32.7397,32.922,32.2213,32.2693,461236
2015-07-27,31.9908,32.1349,31.6932,31.9812,446641
2015-07-28,32.0484,33.2678,31.9044,33.1238,920742
2015-07-29,33.3062,33.671,32.8741,33.6518,724240
2015-07-30,33.9687,34.0743,33.3734,34.0263,1356342
2015-07-31,34.1991,34.5927,34.0071,34.4967,1310785
2015-08-03,36.1577,37.4443,36.1001,37.089,3072985
2015-08-04,37.4443,38.2699,36.8491,37.5403,1887900
2015-08-05,37.7803,38.3948,37.7803,38.1355,1673154
2015-08-06,38.1259,38.414,37.5211,37.7611,1611415
2015-08-07,37.7323,38.0106,37.2234,37.3578,1090337
2015-08-10,37.7035,37.9435,37.45,37.7227,1234610
2015-08-11,37.4251,37.8571,37.1034,37.8187,1020664
2015-08-12,37.5979,37.8235,37.2042,37.3482,785370
2015-08-13,36.7818,37.4347,36.6762,37.2714,4952253
2015-08-14,37.7035,37.7131,37.2138,37.6171,1495498
2015-08-17,37.4347,38.2219,37.4347,38.1451,1335834
2015-08-18,38.1835,38.2315,37.8667,37.8763,716936
2015-08-19,37.6843,38.0107,37.4635,37.8763,824308
2015-08-20,37.5019,37.8475,37.1082,37.1178,868074
2015-08-21,36.9808,37.654,36.7884,36.7884,1925532
2015-08-24,35.0764,36.9231,34.2541,35.9805,1790554
2015-08-25,37.2789,37.2789,36.0863,36.1152,1454341
2015-08-26,36.7211,38.1157,36.2979,37.9714,1837937
2015-08-27,38.2311,38.7408,37.8464,38.5677,1689164
2015-08-28,38.6543,38.6831,38.1638,38.4427,1151958
2015-08-31,38.3465,38.5485,38.1541,38.2311,1426667
2015-09-01,37.5001,37.8655,36.6441,36.9423,896756
2015-09-02,37.125,37.4617,36.7115,37.3078,1011407
2015-09-03,37.3174,37.9618,37.3174,37.7502,622843
2015-09-04,37.0962,37.4424,36.8269,37.2212,617565
2015-09-08,37.2212,38.7889,37.2212,38.7601,1313649
2015-09-09,39.3179,39.3371,38.7937,38.8563,1211141
2015-09-10,38.9332,39.3564,38.6158,39.1929,990977
2015-09-11,39.1448,39.5391,39.1063,39.5295,1055088
2015-09-14,39.5295,39.7603,39.2506,39.491,1037218
2015-09-15,39.7219,40.0008,39.3179,39.9719,978062
2015-09-16,40.1258,40.2797,39.895,40.222,812656
2015-09-17,40.2989,40.3855,39.6353,39.7026,782030
2015-09-18,39.2891,39.5006,39.1063,39.2698,1517950
2015-09-21,39.568,39.5967,38.7985,39.0101,829916
2015-09-22,38.6735,38.8274,38.4427,38.7889,748496
2015-09-23,38.8563,39.0582,38.6447,38.9236,791060
2015-09-24,38.5581,39.0582,38.4715,39.039,589130
2015-09-25,39.4429,39.6545,38.9236,39.2217,490713
2015-09-28,39.1448,39.1929,37.7839,37.8271,1039610
2015-09-29,37.9329,38.5677,37.6636,38.2984,1195708
2015-09-30,38.8466,39.3852,38.6447,39.2987,1264289
2015-10-01,39.1352,39.4718,38.962,39.4429,1071578
2015-10-02,38.6543,39.3179,38.539,39.039,1505933
2015-10-05,39.4045,40.4576,39.1449,40.1739,2091758
2015-10-06,40.222,40.3566,39.9431,40.2316,948360
2015-10-07,40.3951,41.0203,40.246,40.9722,1292487
2015-10-08,40.9818,41.328,40.7799,40.9337,891097
2015-10-09,41.1453,41.3088,40.8947,41.0972,676254
2015-10-12,41.3377,41.4146,40.8762,41.3954,478161
2015-10-13,42.261,42.3187,41.4531,41.7897,719716
2015-10-14,41.6839,42.0686,41.4002,41.6935,574423
2015-10-15,42.1937,42.1937,41.5685,41.9051,599712
2015-10-16,42.0494,42.3764,41.8089,42.2706,683233
2015-10-19,42.2706,42.7611,42.136,42.4726,1348630
2015-10-20,42.5207,42.6072,42.1167,42.3187,985034
2015-10-21,42.6168,42.8284,41.8666,42.035,711751
2015-10-22,42.2706,43.1843,42.2129,43.1651,929078
2015-10-23,43.8287,44.2423,42.814,43.117,752460
2015-10-26,43.0881,43.1073,42.4918,42.6361,744269
2015-10-27,42.5688,43.1651,42.2225,42.5591,609381
2015-10-28,42.5591,43.1554,42.1456,43.1458,647728
2015-10-29,43.2132,43.7613,42.6265,43.0304,847220
2015-10-30,43.1843,43.3334,42.9689,42.9823,684699
2015-11-02,43.1362,43.2805,42.2417,42.9342,1528758
2015-11-03,42.9054,43.0881,42.5303,42.7611,1709821
2015-11-04,42.3668,44.7039,41.9917,44.1749,2035105
2015-11-05,44.3865,44.6174,43.9922,44.4923,1033708
2015-11-06,44.6366,45.1271,41.8666,41.9532,3602183
2015-11-09,41.9532,42.2514,41.0203,41.1261,1769257
2015-11-10,41.1934,41.4435,40.5875,41.2992,1922954
2015-11-11,41.7705,42.0484,40.9145,41.3569,1356700
2015-11-12,41.3088,41.5973,40.9145,40.9818,1012181
2015-11-13,40.8375,41.0587,40.2893,40.347,1456984
2015-11-16,40.2989,41.1165,40.2989,41.0491,1405624
2015-11-17,41.4146,42.4793,41.1645,42.4053,1408288
2015-11-18,42.8092,43.1747,42.0302,42.463,1644467
2015-11-19,42.5207,43.5594,42.463,43.4728,1166343
2015-11-20,43.694,43.9922,43.2372,43.3767,970532
2015-11-23,43.5382,43.8081,42.9597,43.2489,1561952
2015-11-24,41.986,42.7476,41.8414,42.5644,4380002
2015-11-25,42.5644,42.844,42.2656,42.6319,1793954
2015-11-27,42.7958,42.8537,42.442,42.5644,703992
2015-11-30,42.6898,42.7717,41.61,41.6196,7477089
2015-12-01,42.362,42.6512,42.121,42.5837,1764049
2015-12-02,42.4487,42.709,41.9474,42.0535,1251943
2015-12-03,42.227,42.7187,41.6389,41.9089,1136449
2015-12-04,41.8703,43.0465,41.5714,43.0176,1993451
2015-12-07,42.738,43.085,42.2219,42.5162,977530
2015-12-08,41.9763,42.7862,41.9763,42.709,1005195
2015-12-09,42.468,43.0479,41.7932,41.9474,1438284
2015-12-10,41.8992,42.6223,41.8992,42.28,855835
2015-12-11,41.8992,42.1258,41.2436,41.2822,784990
2015-12-14,41.1472,41.6534,40.8291,41.1472,854318
2015-12-15,41.2822,42.0197,41.1472,41.5811,1107401
2015-12-16,41.9667,42.4574,41.9137,42.2174,1028278
2015-12-17,42.4198,42.4198,40.9544,41.1569,896725
2015-12-18,41.2726,41.9667,40.5495,40.8869,2337458
2015-12-21,41.3015,41.4557,40.3374,40.8194,789612
2015-12-22,40.8194,41.3882,40.1446,41.2629,634896
2015-12-23,41.3111,41.3786,40.8291,41.234,545757
2015-12-24,41.099,41.5136,41.099,41.4172,243393
2015-12-28,41.1376,41.6582,40.5688,40.9448,504857
2015-12-29,41.1472,41.8462,41.0894,41.7835,624589
2015-12-30,41.5811,41.9281,41.4075,41.6871,400611
2015-12-31,41.5136,41.6196,40.5013,40.5302,718317
2016-01-04,39.9228,39.9325,39.0359,39.4794,889986
2016-01-05,39.6047,39.8361,39.3058,39.4601,812143
2016-01-06,38.9009,39.7975,38.7563,39.7686,952020
2016-01-07,39.007,39.1371,38.0521,38.2646,1384057
2016-01-08,38.6502,38.6965,38.0525,38.226,1193314
2016-01-11,38.3225,38.8141,38.1108,38.4092,1502697
2016-01-12,38.872,38.9009,38.226,38.6984,993542
2016-01-13,38.7756,38.7756,36.4521,36.5871,1653033
2016-01-14,36.481,36.905,35.6712,36.4618,1814190
2016-01-15,35.488,36.0858,35.0542,35.758,2005989
2016-01-19,36.1243,36.9872,35.4495,35.9026,1222165
2016-01-20,35.3241,36.2882,34.4757,35.7194,1416696
2016-01-21,35.9797,36.9149,34.8242,36.2786,1166895
2016-01-22,36.7896,37.3102,36.4907,36.9727,1294326
2016-01-25,36.992,37.2668,36.5678,36.5871,901602
2016-01-26,36.8474,37.368,36.5196,37.0402,810300
2016-01-27,36.9149,37.0595,36.0279,36.3075,628314
2016-01-28,36.4618,36.7992,35.8255,35.9701,1101885
2016-01-29,36.1725,37.127,36.1725,37.0691,1134583
2016-02-01,36.7896,37.2436,36.6449,36.8185,1536455
2016-02-02,36.6739,37.3005,35.8327,36.0086,1208704
2016-02-03,36.1822,36.6931,35.5748,36.1725,1068429
2016-02-04,36.1822,36.7269,35.9508,36.2593,947393
2016-02-05,36.134,36.5678,34.6396,34.9192,2205797
2016-02-08,34.5336,34.707,33.449,34.0419,2500206
2016-02-09,30.3495,34.6878,29.3082,34.1383,2840112
2016-02-10,34.0901,34.5722,32.9332,33.5117,1882709
2016-02-11,32.8464,33.4586,32.2776,32.4801,2230711
2016-02-12,33.02,33.4779,32.6054,33.0778,930078
2016-02-16,33.5599,35.2615,33.4056,34.9578,1699112
2016-02-17,35.1699,36.0665,34.736,35.7965,1073338
2016-02-18,36.0086,37.0981,36.0086,36.1725,1558150
2016-02-19,36.2207,36.9438,35.864,36.8281,1153273
2016-02-22,37.1366,37.6765,37.1366,37.5608,992581
2016-02-23,37.5391,38.3221,37.22,37.4521,977943
2016-02-24,37.1524,38.1288,36.8382,37.6067,1389221
2016-02-25,37.5874,38.6702,36.9203,37.9161,1289693
2016-02-26,38.0611,38.2351,37.2055,37.5197,557628
2016-02-29,37.5777,38.4381,37.3651,38.2641,1255915
2016-03-01,38.4575,39.2212,38.3415,39.0085,992864
2016-03-02,38.8248,38.9989,38.2351,38.4671,781624
2016-03-03,38.6218,39.7529,38.5348,39.4919,831874
2016-03-04,39.4339,39.8109,38.4381,39.4726,799034
2016-03-07,39.1825,39.5692,38.4285,39.4339,575276
2016-03-08,39.0569,39.4919,38.7596,39.0955,650530
2016-03-09,39.2115,39.4146,38.9795,39.1922,629648
2016-03-10,39.1922,39.6176,38.4188,38.8152,890379
2016-03-11,39.2792,39.6369,38.9699,39.2889,1034462
2016-03-14,39.2502,39.6756,39.2309,39.4629,1841892
2016-03-15,39.4242,39.9656,39.1342,39.8496,1054896
2016-03-16,39.6369,39.9366,39.1535,39.7819,897492
2016-03-17,39.6756,39.8496,39.3276,39.5402,719085
2016-03-18,39.4726,40.4007,39.1825,39.9269,1081616
2016-03-21,39.8689,39.9753,39.3952,39.7626,526749
2016-03-22,39.7143,40.362,38.5542,40.0236,1143591
2016-03-23,39.9366,40.0816,39.2212,39.3179,576700
2016-03-24,39.0472,39.5112,38.4768,39.2599,983798
2016-03-28,39.3662,39.5209,38.9409,39.3469,367697
2016-03-29,39.3952,40.13,39.1632,40.1203,474218
2016-03-30,40.4973,40.4973,39.8496,40.13,406423
2016-03-31,40.1493,40.4683,39.7078,40.1203,542153
2016-04-01,39.7239,40.4973,39.6563,40.3716,479438
2016-04-04,40.2846,40.3136,39.8689,40.0623,432257
2016-04-05,39.5209,40.0043,38.9795,39.8883,577623
2016-04-06,40.043,40.768,39.6369,40.7584,1035665
2016-04-07,40.6037,40.7293,39.9173,40.275,1101220
2016-04-08,40.4683,40.536,40.0333,40.1783,419366
2016-04-11,40.2363,40.681,40.0774,40.2363,704079
2016-04-12,40.1493,40.5457,40.0526,40.246,453930
2016-04-13,40.4587,40.8454,40.4393,40.8357,479982
2016-04-14,40.6713,40.8454,40.4297,40.652,560506
2016-04-15,40.5843,40.8309,40.4103,40.6713,613596
2016-04-18,40.7003,41.1644,40.4732,41.1257,501005
2016-04-19,41.1064,41.6284,40.8454,41.4351,709776
2016-04-20,41.2997,41.6768,40.9034,40.971,737006
2016-04-21,41.0097,41.2079,40.6085,40.7777,394430
2016-04-22,40.7003,40.8454,40.4132,40.6907,491843
2016-04-25,39.4339,40.2073,38.3801,38.8345,1569149
2016-04-26,38.7765,39.5547,38.7088,39.4629,667426
2016-04-27,39.3372,39.6214,39.1922,39.5016,610625
2016-04-28,39.2502,39.5257,38.6895,38.7862,429744
2016-04-29,38.8538,39.2025,37.0557,37.22,1328617
2016-05-02,37.104,38.0224,36.93,37.1524,835225
2016-05-03,36.988,37.1814,36.5433,37.0654,1244673
2016-05-04,40.0816,40.3523,38.6218,39.3082,1553312
2016-05-05,39.6079,39.6563,39.1342,39.1342,1190378
2016-05-06,39.1342,39.5306,38.6798,39.1729,1193735
2016-05-09,39.2599,39.7143,39.1245,39.4532,600357
2016-05-10,39.7433,40.2266,39.3856,40.1976,958202
2016-05-11,40.1106,40.507,39.7143,40.1203,655100
2016-05-12,40.188,40.4973,39.7571,40.2363,954441
2016-05-13,40.0623,40.5843,38.9505,39.9753,471708
2016-05-16,40.1396,40.9034,40.1106,40.6907,496982
2016-05-17,40.4683,40.9034,40.043,40.159,368340
2016-05-18,40.101,40.9904,39.9076,40.681,548871
2016-05-19,40.536,40.855,40.1396,40.8067,587355
2016-05-20,40.9034,41.5704,40.6713,41.2707,657020
2016-05-23,40.1247,40.8225,39.5431,40.5705,1538142
2016-05-24,40.5317,40.8249,40.1925,40.5705,1661441
2016-05-25,40.6286,40.8225,40.1537,40.6771,995484
2016-05-26,40.5996,40.6674,40.1925,40.5802,1056392
2016-05-27,40.4445,40.8322,39.6158,40.6674,1961205
2016-05-31,40.7934,41.2877,40.4929,41.2489,2421931
2016-06-01,40.9969,41.4961,40.9969,41.2974,993568
2016-06-02,41.2005,41.4573,41.2005,41.3361,982447
2016-06-03,41.2683,41.4331,40.9679,41.404,966639
2016-06-06,41.3071,41.3119,40.6189,41.152,972303
2016-06-07,41.2295,41.5203,41.0502,41.2877,994454
2016-06-08,41.2877,41.7335,40.8612,41.6754,1154568
2016-06-09,41.5397,41.6327,41.2344,41.5688,965379
2016-06-10,41.3458,41.6269,41.2005,41.4912,807625
2016-06-13,41.2392,41.4331,40.9388,41.1229,1258231
2016-06-14,40.9388,41.2005,40.4833,41.1229,771890
2016-06-15,41.1423,41.3943,40.8903,41.0938,535986
2016-06-16,40.5123,40.5899,39.0343,39.5431,2252627
2016-06-17,39.3202,39.6885,39.0295,39.2718,2015183
2016-06-20,39.6594,40.0762,39.2427,39.863,998261
2016-06-21,39.9502,40.2119,39.6594,40.1634,1021187
2016-06-22,40.2119,40.2506,39.9114,40.0956,1196358
2016-06-23,40.3282,40.5414,40.0665,40.4445,947810
2016-06-24,39.0101,39.7564,38.4189,38.4673,3295996
2016-06-27,38.1378,38.7096,37.692,38.0797,1566172
2016-06-28,38.3898,38.7969,38.1766,38.4189,1055513
2016-06-29,38.5255,38.7678,38.1475,38.4964,1549482
2016-06-30,38.2929,38.855,37.7404,38.8453,1746303
2016-07-01,38.9616,39.233,38.6902,39.0585,755668
2016-07-05,38.6224,38.9228,38.3316,38.6224,835252
2016-07-06,38.3704,38.7678,37.9633,38.7581,1147439
2016-07-07,38.7484,38.9907,38.5546,38.729,1061840
2016-07-08,38.9616,39.2718,38.7678,39.1845,794415
2016-07-11,39.4365,39.8387,39.0973,39.6497,677108
2016-07-12,39.766,40.0859,39.5528,39.737,1131584
2016-07-13,39.7564,39.9841,39.5819,39.7079,644675
2016-07-14,39.7564,40.2216,39.2039,39.9405,848569
2016-07-15,39.9308,40.0568,39.7127,39.9793,627406
2016-07-18,40.1053,40.3863,39.3881,40.0859,746000
2016-07-19,39.8824,40.396,39.8118,40.3476,931007
2016-07-20,40.4833,41.1132,40.2119,41.1132,1602271
2016-07-21,41.0066,41.278,40.7352,41.0648,1311466
2016-07-22,41.026,41.2489,40.8612,40.9582,848997
2016-07-25,41.0454,41.3458,40.9291,41.3071,1193472
2016-07-26,41.278,41.3749,41.026,41.3458,837256
2016-07-27,41.3361,41.4137,41.0745,41.2974,707471
2016-07-28,41.2586,41.4331,41.1035,41.3749,484319
2016-07-29,41.3846,41.6754,39.3105,41.6075,1106463
2016-08-01,41.5106,41.7044,40.1247,41.6947,883809
2016-08-02,41.5203,41.6657,41.1568,41.3168,1853650
2016-08-03,41.9177,43.0129,41.4815,42.8578,2057341
2016-08-04,43.0904,43.3424,42.5476,42.9353,1202692
2016-08-05,43.0322,43.3715,42.7899,43.3521,922468
2016-08-08,43.323,43.7494,42.9935,43.6041,1282257
2016-08-09,43.5362,44.4763,43.3908,44.4376,1570444
2016-08-10,44.486,44.6217,44.1856,44.2922,713299
2016-08-11,44.2922,44.4376,43.4005,44.1177,1425191
2016-08-12,44.1371,44.2098,43.7107,43.8948,567451
2016-08-15,44.1274,44.3019,43.8415,43.9239,766827
2016-08-16,43.8657,44.1856,43.1776,43.2164,1126094
2016-08-17,43.071,43.6041,42.693,43.1388,1445523
2016-08-18,43.0129,43.5556,42.9547,43.5168,1239002
2016-08-19,43.449,43.5944,43.1388,43.4878,749231
2016-08-22,43.4587,43.6913,43.2552,43.6816,1027834
2016-08-23,43.6014,43.9755,43.4703,43.6694,1155682
2016-08-24,43.7666,43.9026,43.5869,43.6694,566005
2016-08-25,43.4071,43.7666,43.242,43.5529,576120
2016-08-26,43.4946,43.7083,42.7465,42.9797,854251
2016-08-29,42.9991,43.582,42.8491,43.31,573788
2016-08-30,43.3294,43.6986,43.2907,43.5529,532639
2016-08-31,43.4071,43.6792,43.0282,43.378,682596
2016-09-01,43.4849,43.6694,42.9311,43.0963,926248
2016-09-02,43.3877,43.6403,43.2031,43.4946,673480
2016-09-06,43.7083,43.9706,43.2323,43.7277,805875
2016-09-07,43.582,43.82,43.1448,43.7666,809248
2016-09-08,43.8346,43.8346,43.4509,43.4654,590556
2016-09-09,43.2517,43.3056,42.4453,42.4453,1182636
2016-09-12,42.2802,43.1351,42.2203,43.0185,980000
2016-09-13,42.8728,43.0088,42.3385,42.6299,883381
2016-09-14,42.8048,43.2614,42.6396,42.7757,844669
2016-09-15,42.8922,43.4946,42.8534,43.3586,817382
2016-09-16,43.1934,43.7472,43.1934,43.6209,1932711
2016-09-19,43.718,44.4224,43.31,44.3398,1156129
2016-09-20,44.2426,44.8838,44.0532,44.5924,1262378
2016-09-21,44.9033,45.253,44.5049,45.2239,1253221
2016-09-22,45.5445,46.1468,45.049,45.9914,1020102
2016-09-23,45.9719,45.9719,44.7867,44.9616,2052531
2016-09-26,44.6895,44.7673,44.0678,44.3106,620610
2016-09-27,44.4758,44.8644,44.0969,44.3689,603683
2016-09-28,44.2232,44.5438,43.8637,44.3689,466438
2016-09-29,44.2426,44.4369,43.7569,43.9998,312705
2016-09-30,44.2718,44.607,43.922,44.4272,772469
2016-10-03,44.3786,44.7284,44.1843,44.3204,402864
2016-10-04,44.2912,44.8644,44.2233,44.6118,755157
2016-10-05,44.709,44.8547,44.3641,44.4175,605012
2016-10-06,44.2815,44.4661,43.9318,44.2135,357707
2016-10-07,44.3981,44.3981,43.5286,43.8249,777441
2016-10-10,44.1649,44.3301,43.6597,43.7083,376568
2016-10-11,43.8152,43.8152,42.867,43.0088,842024
2016-10-12,42.9894,43.6014,42.7271,43.378,475769
2016-10-13,43.106,43.4266,42.5328,43.3974,474862
2016-10-14,43.5626,43.6792,43.0282,43.0574,524658
2016-10-17,43.2031,43.4266,42.9117,42.9311,355335
2016-10-18,43.3391,43.378,43.0185,43.0185,503127
2016-10-19,42.9117,43.0768,42.6979,42.9019,377042
2016-10-20,42.9408,42.9894,42.6008,42.8437,814821
2016-10-21,42.8728,43.0574,42.6882,43.038,459105
2016-10-24,43.6112,44.1843,43.3294,43.65,517572
2016-10-25,43.4751,43.5896,43.0913,43.4946,392340
2016-10-26,43.4071,43.8929,43.0671,43.6986,498089
2016-10-27,43.718,43.8138,43.3488,43.5043,484472
2016-10-28,43.5334,43.7763,43.2323,43.5529,626383
2016-10-31,43.6014,43.7666,43.2808,43.6306,725805
2016-11-01,43.7277,43.9998,43.4363,43.8637,996217
2016-11-02,44.3106,44.3786,42.3968,42.6105,1484667
2016-11-03,42.8437,43.1448,42.7076,42.7562,646970
2016-11-04,42.6591,43.0282,42.4648,42.4842,601626
2016-11-07,42.8825,43.9998,42.6202,43.99,801372
2016-11-08,43.5529,43.7569,42.97,43.3003,1187623
2016-11-09,42.5911,43.4849,42.5911,43.2128,901236
2016-11-10,43.4169,43.7326,42.9311,43.2225,737940
2016-11-11,43.4751,45.2336,43.2711,45.1656,954300
2016-11-14,45.8068,47.4389,45.391,47.3903,1369497
2016-11-15,47.5069,48.0607,47.3612,47.7984,1683218
2016-11-16,48.0024,49.2362,47.9149,49.2071,1602426
2016-11-17,49.2168,50.4797,49.1488,50.4797,1420840
2016-11-18,50.5672,50.8101,49.6442,49.9648,946995
2016-11-21,49.858,50.4506,49.858,50.2952,925353
2016-11-22,50.1392,50.3536,49.7592,49.9151,927505
2016-11-23,49.9443,50.0808,49.7007,50.0515,547510
2016-11-25,50.0321,50.5875,49.7787,50.5193,306703
2016-11-28,49.9151,50.7045,49.9151,50.3829,758970
2016-11-29,50.6265,51.143,50.4511,50.4608,862252
2016-11-30,50.8409,50.9189,49.8371,49.9346,923360
2016-12-01,49.8177,51.5815,49.8177,51.4938,1209749
2016-12-02,51.4938,51.9324,51.4207,51.4938,968443
2016-12-05,51.679,51.8836,51.2307,51.4061,817043
2016-12-06,51.3379,52.0883,50.9676,52.0298,590594
2016-12-07,52.1468,53.1895,52.1078,52.9751,832611
2016-12-08,53.0336,54.0568,52.7412,53.9886,791101
2016-12-09,53.17,53.5696,51.8544,52.0688,1126783
2016-12-12,51.6303,52.0103,51.1732,51.6985,848088
2016-12-13,51.5815,52.215,51.2989,52.0591,718859
2016-12-14,52.0786,52.3417,51.5426,51.7375,621486
2016-12-15,51.8252,52.2052,51.4256,52.0006,541694
2016-12-16,52.137,52.2442,51.143,51.5036,1336445
2016-12-19,51.7472,52.1419,51.4061,51.5328,539210
2016-12-20,51.5036,52.1175,51.2161,52.0688,496839
2016-12-21,52.1273,52.2735,51.4256,51.6108,534033
2016-12-22,51.6108,51.7959,50.4608,50.685,814880
2016-12-23,50.7337,51.8106,50.5193,51.679,449642
2016-12-27,51.8252,52.0688,51.6887,51.9519,217023
2016-12-28,51.8836,52.0103,51.3379,51.4159,193336
2016-12-29,51.4451,51.64,50.8896,51.3477,406185
2016-12-30,51.3087,51.5231,50.5924,50.7629,414676
2017-01-03,50.9773,50.9773,50.0318,50.227,807190
2017-01-04,50.4706,51.26,50.4706,51.0456,1036153
2017-01-05,50.7727,51.3136,50.5193,50.5485,571212
2017-01-06,50.568,50.6265,50.149,50.3731,539390
2017-01-09,50.5193,50.6752,49.7397,49.8664,483342
2017-01-10,50.0905,51.3379,49.8177,50.9091,653965
2017-01-11,51.2307,51.9324,50.1977,51.6108,736778
2017-01-12,51.6498,51.8103,50.724,51.3964,403253
2017-01-13,51.6887,51.8934,51.4743,51.8642,270719
2017-01-17,51.9811,52.1468,51.0066,51.3477,492183
2017-01-18,51.7082,52.1273,50.8701,51.0845,579287
2017-01-19,51.1625,51.3623,50.5778,50.685,351461
2017-01-20,50.8604,51.4938,50.2757,50.6947,500152
2017-01-23,50.6752,50.8019,49.5253,50.1392,349398
2017-01-24,50.4803,50.6752,50.0515,50.3829,705410
2017-01-25,50.7532,50.8604,50.188,50.4316,771140
2017-01-26,50.568,51.1333,50.3488,50.4024,735850
2017-01-27,50.4024,50.4219,49.9443,50.1685,884681
2017-01-30,49.7689,50.188,49.2037,49.7397,741264
2017-01-31,49.7494,50.2611,49.5156,50.1977,949452
2017-02-01,51.3964,51.7375,51.104,51.5328,1348339
2017-02-02,51.3671,51.7667,50.9968,51.4646,1056120
2017-02-03,51.6205,52.1175,51.5133,51.9908,1138862
2017-02-06,52.1078,52.176,51.7521,52.0396,1037163
2017-02-07,53.0433,55.7623,52.4099,55.4796,2277655
2017-02-08,55.7915,56.6393,55.4991,55.7038,2192696
2017-02-09,55.7135,57.0779,55.7038,56.8147,1092039
2017-02-10,56.9707,57.9744,56.883,57.2143,1299204
2017-02-13,57.4969,58.0231,57.224,57.7503,908115
2017-02-14,57.5164,58.1011,57.4092,57.8672,867855
2017-02-15,58.0329,58.0719,57.6041,57.7405,1191893
2017-02-16,57.9354,58.0329,56.9901,57.3312,1004862
2017-02-17,57.2435,58.4714,57.1558,58.4617,1059912
2017-02-21,58.4617,58.9587,57.9744,58.1206,1222237
2017-02-22,58.1499,58.6385,58.062,58.5408,1121390
2017-02-23,58.531,58.8046,57.7591,57.9643,447478
2017-02-24,57.8568,58.3063,57.5353,58.0229,622622
2017-02-27,57.7395,58.1402,57.5294,58.0522,747645
2017-02-28,58.1304,58.3942,57.3291,57.5539,1045671
2017-03-01,58.1108,58.746,57.5734,58.4138,847882
2017-03-02,58.1695,58.6874,57.9252,58.3063,771787
2017-03-03,58.189,58.5017,57.8177,57.9838,833668
2017-03-06,58.0131,58.4528,57.5832,58.1206,966569
2017-03-07,57.9545,58.7264,57.8372,58.1206,930123
2017-03-08,58.1499,58.4822,57.7591,57.8079,861087
2017-03-09,58.0034,58.4724,57.6418,58.1792,1359304
2017-03-10,58.4528,58.8449,57.8275,57.847,899146
2017-03-13,57.7884,58.0424,57.3584,57.9154,907055
2017-03-14,57.7786,58.1402,57.3291,58.062,717944
2017-03-15,58.1304,58.7753,58.1304,58.6776,688103
2017-03-16,58.5506,59.6059,58.5506,59.215,854205
2017-03-17,59.215,59.5326,58.658,58.9805,1806533
2017-03-20,58.8242,58.9219,58.2379,58.3649,989289
2017-03-21,58.7264,58.9023,56.5572,56.6256,1064770
2017-03-22,56.6744,57.2119,56.352,56.7331,880815
2017-03-23,56.5865,57.6418,56.4986,56.7624,885920
2017-03-24,56.8308,57.036,56.0784,56.3129,536398
2017-03-27,55.9611,56.6354,54.8179,55.6387,1250455
2017-03-28,55.6875,55.9611,55.1892,55.5605,1358560
2017-03-29,55.7657,56.01,55.0426,55.6777,1019596
2017-03-30,55.8048,56.1663,55.7755,56.0686,528914
2017-03-31,55.9123,56.7428,55.8243,56.3911,877496
2017-04-03,56.6744,56.6842,56.0725,56.3324,594938
2017-04-04,56.2738,56.7624,56.1175,56.5767,926462
2017-04-05,56.8015,56.8894,55.9025,55.9709,775302
2017-04-06,56.1663,56.7135,55.8439,56.6451,754977
2017-04-07,56.567,56.9769,56.3911,56.6158,1331750
2017-04-10,56.7624,57.1848,56.264,56.3227,700890
2017-04-11,56.1566,56.3227,55.5703,56.2054,727083
2017-04-12,56.3715,56.4497,55.2869,55.4139,743829
2017-04-13,55.453,55.9611,55.2771,55.4823,500443
2017-04-17,55.5898,55.8634,55.4432,55.8341,433535
2017-04-18,55.8634,56.2445,55.6681,56.0881,547438
2017-04-19,56.4399,56.6451,56.2738,56.3324,617660
2017-04-20,56.5474,56.8992,56.1956,56.8503,690755
2017-04-21,56.8503,56.9774,56.4204,56.4399,550910
2017-04-24,57.2803,57.6408,57.1044,57.4464,844997
2017-04-25,57.6516,58.277,57.2999,57.974,847595
2017-04-26,58.0815,58.7558,57.6037,58.3649,722645
2017-04-27,58.619,58.8926,58.3551,58.4431,379275
2017-04-28,58.404,58.7533,57.6516,57.7395,769668
2017-05-01,58.0034,58.0718,57.5441,57.9056,1035115
2017-05-02,57.935,58.2476,57.4952,57.6907,840531
2017-05-03,57.9447,58.9512,57.0164,57.4562,1146566
2017-05-04,57.5246,57.9153,57.2021,57.8079,756992
2017-05-05,57.847,57.9936,57.251,57.4171,498937
2017-05-08,57.29,57.8079,56.4204,57.6809,489335
2017-05-09,58.6287,58.6287,57.8763,58.1206,613048
2017-05-10,57.6614,58.6287,57.6614,58.3942,530966
2017-05-11,58.3942,58.5896,57.9496,58.5408,681255
2017-05-12,58.2574,58.4431,57.3291,57.3878,635503
2017-05-15,57.2607,57.7786,57.1728,57.6614,1402228
2017-05-16,57.8861,58.4626,57.5148,58.2086,602784
2017-05-17,57.9056,58.316,57.3878,57.4952,1448814
2017-05-18,57.2119,57.3096,54.5247,55.2087,1675476
2017-05-19,55.111,56.2836,55.111,55.7852,824754
2017-05-22,56.1077,56.5376,55.8512,56.137,611959
2017-05-23,56.48,56.6759,55.8136,56.5094,1063417
2017-05-24,56.7543,57.3618,56.4996,57.3031,1174642
2017-05-25,57.8028,58.3496,57.4206,58.1947,821469
2017-05-26,57.9694,58.2241,57.352,58.1359,696657
2017-05-30,58.0674,58.3907,57.6558,58.1751,567116
2017-05-31,58.3907,59.0374,58.1751,58.9688,1696966
2017-06-01,59.057,60.2035,59.008,59.8899,891392
2017-06-02,59.7037,60.3505,59.6058,60.0075,758666
2017-06-05,59.9879,60.3015,58.9502,60.0075,699133
2017-06-06,59.7919,60.3407,59.7331,60.1545,568826
2017-06-07,60.4289,61.1246,60.2966,60.7718,986704
2017-06-08,60.9286,61.6439,60.2574,61.3793,1044553
2017-06-09,61.6047,61.9281,59.3804,59.5666,958495
2017-06-12,58.9982,59.983,58.3515,59.7527,1286565
2017-06-13,59.8409,60.5268,59.7527,60.3211,1006134
2017-06-14,60.0957,60.6738,59.8017,60.4191,825951
2017-06-15,59.9879,60.8306,59.6254,60.811,836221
2017-06-16,60.8012,60.8894,60.4289,60.6934,1175079
2017-06-19,61.0854,61.3499,60.4387,61.2715,843188
2017-06-20,61.0952,61.8987,60.9286,61.6243,807223
2017-06-21,61.7713,61.8693,61.3499,61.5067,549722
2017-06-22,61.5753,61.9428,61.1247,61.8987,666815
2017-06-23,61.9281,64.1524,61.7321,63.9074,2211048
2017-06-26,64.5835,64.9949,63.1039,63.3489,1034777
2017-06-27,62.6728,63.4077,61.6145,61.6341,1020021
2017-06-28,61.8693,62.3984,61.4283,62.1338,859726
2017-06-29,62.1044,62.1044,61.007,61.6047,634341
2017-06-30,61.8595,62.1142,61.2422,61.2715,890777
2017-07-03,61.2911,62.32,61.2911,61.4969,340910
2017-07-05,61.5655,62.1436,61.3965,61.7223,773630
2017-07-06,61.1638,61.3401,59.9046,59.9977,1284074
2017-07-07,60.1447,61.2421,60.0467,61.105,1088362
2017-07-10,61.0462,61.5851,61.0315,61.3695,717454
2017-07-11,61.1442,62.1534,61.1442,61.9575,718521
2017-07-12,61.9281,62.712,61.9281,62.173,530401
2017-07-13,62.2612,62.7022,61.9183,62.075,664915
2017-07-14,62.0652,62.4866,61.4871,62.2808,983073
2017-07-17,62.222,62.565,61.9085,62.4376,492496
2017-07-18,62.2612,62.5552,61.8498,62.3102,704669
2017-07-19,62.2808,63.2215,62.2808,62.7708,608341
2017-07-20,62.5944,63.0058,62.1338,62.3886,634127
2017-07-21,62.3396,62.3788,61.6782,62.2416,658687
2017-07-24,61.7321,62.5846,61.6929,62.2318,549139
2017-07-25,62.222,62.7512,61.7615,62.516,716041
2017-07-26,62.7022,62.7022,62.173,62.6434,303833
2017-07-27,62.8002,62.9373,61.6243,62.0848,449371
2017-07-28,61.9575,62.1828,61.5949,62.0946,367937
2017-07-31,62.2122,62.565,62.124,62.1534,514920
2017-08-01,62.5258,62.7022,62.0946,62.6826,779559
2017-08-02,62.8981,62.9765,62.1338,62.5356,716642
2017-08-03,63.2215,64.074,62.6502,63.0549,978940
2017-08-04,62.7512,63.0598,62.0163,62.026,557498
2017-08-07,61.8497,62.5944,61.6439,62.5258,672621
2017-08-08,62.3592,62.9345,62.32,62.5454,472670
2017-08-09,62.2514,62.3396,61.2617,61.6439,579718
2017-08-10,61.3205,61.4283,59.4882,59.5568,579033
2017-08-11,59.7723,59.9977,59.5176,59.8311,541205
2017-08-14,60.8992,61.1344,60.4387,60.9482,400630
2017-08-15,60.6738,60.958,60.3995,60.4387,495558
2017-08-16,60.5072,60.9874,60.4583,60.6248,299254
2017-08-17,60.3603,60.7228,60.1447,60.2035,744322
2017-08-18,60.1055,60.3505,59.1648,59.1746,635330
2017-08-21,59.1452,59.3706,58.5769,59.0178,501559
2017-08-22,59.3804,59.7037,59.1354,59.5666,632765
2017-08-23,59.3504,60.215,59.3504,60.0087,472261
2017-08-24,60.0283,60.4508,59.9203,60.3525,488239
2017-08-25,60.4606,61.4725,60.4508,61.0599,908402
2017-08-28,61.0599,61.2869,60.215,60.2936,465656
2017-08-29,60.0381,60.6325,59.9694,60.4999,364921
2017-08-30,60.3329,61.3252,60.1855,61.3153,634700
2017-08-31,61.4922,62.4746,61.4314,62.3076,883343
2017-09-01,62.4157,62.4157,60.0971,60.9813,1051179
2017-09-05,60.6964,60.7553,59.0066,59.3111,769366
2017-09-06,59.7238,59.8613,58.6038,58.8101,685378
2017-09-07,58.7315,59.0262,57.916,58.2697,862685
2017-09-08,57.6999,58.2884,57.5427,57.9259,991472
2017-09-11,58.4367,59.1932,58.4367,58.8887,1052600
2017-09-12,59.0655,59.4683,58.8101,59.4585,606987
2017-09-13,59.2031,60.3427,59.0262,60.2346,666965
2017-09-14,60.0873,60.7603,59.5842,60.5883,952536
2017-09-15,60.608,61.3153,60.3918,60.8045,1979567
2017-09-18,61.1287,61.8655,60.8192,61.6985,811835
2017-09-19,61.9245,61.9343,61.276,61.7476,671226
2017-09-20,61.6887,61.8459,61.0796,61.7083,653341
2017-09-21,61.4922,61.7869,61.1778,61.5806,485619
2017-09-22,61.5904,63.1918,60.9518,63.0739,695840
2017-09-25,63.0641,63.0641,62.3175,62.5827,521338
2017-09-26,62.9266,63.6045,62.288,63.4669,528499
2017-09-27,63.742,64.5083,63.2803,64.0761,735535
2017-09-28,64.0269,65.1273,63.8599,65.0585,533733
2017-09-29,65.1469,65.6283,64.6361,64.8424,1482421
2017-10-02,64.921,67.1806,64.921,67.1217,1014850
2017-10-03,67.0234,67.947,66.8466,67.6424,1230656
2017-10-04,67.3575,68.5168,67.2592,68.4775,1002364
2017-10-05,68.507,68.9392,68.0059,68.0747,989524
2017-10-06,68.0845,68.4677,67.6129,68.4185,691453
2017-10-09,68.5266,69.2733,68.1926,69.0473,816066
2017-10-10,69.4992,70.2754,68.7624,69.067,882206
2017-10-11,68.9491,69.2241,67.7308,67.8291,1063387
2017-10-12,67.8389,68.0992,67.495,67.7406,673199
2017-10-13,65.5105,67.2396,65.4712,66.8859,1253790
2017-10-16,66.7582,67.269,66.5027,67.0922,1337388
2017-10-17,67.2199,67.554,66.8269,67.3378,666925
2017-10-18,67.3968,67.662,66.6599,67.4459,587356
2017-10-19,67.2298,67.495,65.5702,67.1905,696675
2017-10-20,67.8389,68.3989,67.554,68.3989,613435
2017-10-23,68.6052,68.674,68.1434,68.3399,581564
2017-10-24,68.4873,68.9589,67.8291,68.7329,510140
2017-10-25,68.507,68.6641,66.8171,67.947,899954
2017-10-26,68.1336,68.3891,67.161,68.0845,659519
2017-10-27,68.4185,68.4971,67.0333,68.3792,815707
2017-10-30,68.2319,68.4996,67.3968,68.0943,497889
2017-10-31,68.3203,69.1947,67.7799,68.7722,896073
2017-11-01,67.6129,69.4698,66.6603,67.7112,1032651
2017-11-02,67.8684,68.8213,66.9547,68.7722,712423
2017-11-03,68.5266,69.3027,68.2024,68.8115,624544
2017-11-06,68.8017,69.008,67.8291,68.9687,455744
2017-11-07,68.7231,68.9982,66.9055,67.1512,792567
2017-11-08,66.8859,67.2592,66.1294,66.6599,846223
2017-11-09,66.3554,66.6698,65.314,65.982,679714
2017-11-10,65.5399,66.4438,65.5399,66.0803,950362
2017-11-13,65.8445,66.7975,65.8445,66.5519,834936
2017-11-14,66.4045,66.5126,65.6676,65.9919,561784
2017-11-15,65.1862,65.3533,64.4396,64.6066,630391
2017-11-16,64.6262,65.8936,64.6262,65.255,653160
2017-11-17,65.2452,65.5694,64.8719,64.9504,439025
2017-11-20,64.9504,65.9722,64.9308,65.5792,759209
2017-11-21,65.8838,66.0999,65.0585,65.2452,695069
2017-11-22,65.2156,65.6098,65.2156,65.3437,494012
2017-11-24,65.5803,65.5803,65.0284,65.4127,182140
2017-11-27,65.3634,65.6591,65.0481,65.4916,681004
2017-11-28,65.7577,68.468,65.5803,68.4187,1035233
2017-11-29,68.4187,68.675,67.0192,67.9161,864629
2017-11-30,68.4187,69.0988,67.0389,69.0002,1873753
2017-12-01,68.8228,68.8869,66.142,68.1428,689310
2017-12-04,68.3005,69.5324,68.1132,69.1283,1036936
2017-12-05,68.9312,69.6507,68.2906,68.4089,664236
2017-12-06,68.0048,68.1822,67.0389,67.443,672469
2017-12-07,67.236,68.3892,67.1966,68.0245,814495
2017-12-08,68.5469,69.0791,68.399,68.7538,823497
2017-12-11,68.5271,69.286,68.5173,69.2565,685984
2017-12-12,69.3058,69.4733,68.5173,69.1776,608383
2017-12-13,68.813,69.2072,68.5173,68.5961,617657
2017-12-14,68.6651,68.6651,66.6053,66.625,693543
2017-12-15,66.3687,67.5416,66.2702,67.4627,1534917
2017-12-18,68.0048,69.9168,66.9591,69.0692,1059834
2017-12-19,69.0988,69.8281,68.5715,69.0101,610858
2017-12-20,69.5029,69.8281,68.6158,69.3846,504119
2017-12-21,69.7295,69.8774,68.0245,68.0935,611365
2017-12-22,68.3695,68.5666,67.8964,68.2019,417547
2017-12-26,68.0836,68.2906,67.4627,67.9949,292373
2017-12-27,68.2216,68.8327,68.0502,68.5961,536318
2017-12-28,70.2716,70.2716,68.2413,68.9017,420135
2017-12-29,69.1086,69.2368,68.3596,68.4877,424041
2018-01-02,68.7243,68.9707,68.0344,68.7538,729274
2018-01-03,68.7834,70.8728,68.7834,70.7644,1140366
2018-01-04,71.0207,72.4005,70.7545,72.0062,835995
2018-01-05,72.1836,72.5089,71.75,71.888,465427
2018-01-08,71.543,72.2625,71.1586,71.9964,922266
2018-01-09,72.2822,72.9425,71.7401,71.8091,497218
2018-01-10,71.2966,71.8382,71.0009,71.2966,722191
2018-01-11,70.4687,71.7007,70.4687,71.681,674617
2018-01-12,71.9471,72.2231,71.6613,71.8288,669307
2018-01-16,72.2428,72.3019,71.039,71.1094,608773
2018-01-17,71.75,72.7848,71.2375,72.4202,694948
2018-01-18,72.637,73.0411,71.9964,72.7257,574527
2018-01-19,72.9327,74.1844,72.8637,74.1252,455966
2018-01-22,73.9281,74.2829,73.4057,73.9281,389642
2018-01-23,74.5589,74.6969,74.0365,74.5096,466913
2018-01-24,73.9675,75.2389,73.4156,73.9577,596194
2018-01-25,74.5884,74.7757,73.6127,74.2829,706732
2018-01-26,74.6969,74.825,73.7211,74.5884,394973
2018-01-29,74.2435,75.0615,74.1055,74.7067,409521
2018-01-30,74.1942,74.9038,73.8899,73.9084,554148
2018-01-31,74.2336,74.6032,73.2579,73.7113,1014247
2018-02-01,73.3762,75.4065,73.3762,75.3966,903755
2018-02-02,74.9038,75.6233,73.8295,74.825,1499592
2018-02-05,74.3223,75.3375,72.4695,72.7454,1122715
2018-02-06,71.4543,73.8689,70.9911,72.1836,1672411
2018-02-07,69.7493,70.2944,66.4476,67.4134,3861946
2018-02-08,67.9259,70.0055,67.3937,68.0541,2601408
2018-02-09,68.7834,69.8196,65.9154,68.1428,1557171
2018-02-12,68.2413,69.1022,66.8714,67.3247,853495
2018-02-13,66.832,68.7834,66.832,68.3695,905387
2018-02-14,68.1033,69.4043,67.8669,69.3649,1391604
2018-02-15,69.3649,70.3012,68.7844,70.2913,926554
2018-02-16,69.907,70.8531,68.882,70.4293,878811
2018-02-20,69.8478,70.6757,69.584,69.8872,932884
2018-02-21,70.0548,70.9221,69.6655,70.1041,1232921
2018-02-22,70.6067,71.4987,70.311,70.4392,846663
2018-02-23,70.6467,71.3387,70.4985,71.2102,756051
2018-02-26,71.7242,72.8115,70.9828,72.6731,780720
2018-02-27,71.8922,74.0965,71.8922,72.6435,1017088
2018-02-28,72.9598,73.4639,72.0504,72.0899,768715
2018-03-01,72.4359,72.5743,70.6171,71.2497,934252
2018-03-02,70.9136,72.5248,70.3699,72.2975,661780
2018-03-05,71.9416,73.6912,71.3189,73.0883,829136
2018-03-06,73.3156,73.6418,72.5644,73.2563,887171
2018-03-07,72.6533,73.9878,72.5743,73.7209,898742
2018-03-08,73.7407,73.7506,71.7736,72.2975,1106231
2018-03-09,72.5248,73.6962,72.0603,73.5232,987617
2018-03-12,73.4935,74.8082,73.197,74.4524,610064
2018-03-13,74.5809,75.2629,74.4326,74.7786,582817
2018-03-14,75.1443,75.1974,74.1361,74.5611,638562
2018-03-15,74.4919,74.6402,73.3255,73.7703,969377
2018-03-16,73.9186,75.1147,72.1996,74.9614,981127
2018-03-19,74.482,74.482,72.6039,73.1278,1275244
2018-03-20,73.4244,74.7539,73.4244,74.3436,859264
2018-03-21,74.4326,74.5018,73.6122,73.9285,680998
2018-03-22,73.5627,73.8889,72.3024,72.4062,770825
2018-03-23,72.2876,72.4013,69.0652,69.1047,996659
2018-03-26,69.9251,70.884,68.907,70.7555,875986
2018-03-27,71.2695,71.8567,69.0355,69.4012,530948
2018-03-28,69.5495,69.5792,68.4622,69.1245,531784
2018-03-29,69.5792,70.2413,69.0355,69.5001,1021372
2018-04-02,69.4605,69.9844,67.533,68.047,865136
2018-04-03,68.304,68.8971,67.8987,68.4325,727415
2018-04-04,67.3353,68.9317,67.2167,68.7785,751726
2018-04-05,69.1739,69.5594,68.3732,68.9169,661409
2018-04-06,68.3238,68.8378,66.6631,67.1673,640223
2018-04-09,67.8296,68.8378,67.5698,67.6615,544346
2018-04-10,68.7093,69.6484,68.1656,69.3123,458663
2018-04-11,68.8477,69.421,68.0866,69.0256,633220
2018-04-12,69.2826,69.7768,68.9663,69.2629,440789
2018-04-13,69.6978,69.6978,68.4671,68.7884,853741
2018-04-16,68.8773,70.0339,68.2546,69.8362,573938
2018-04-17,70.4293,70.7851,70.024,70.6368,439227
2018-04-18,70.9532,71.7044,70.4886,71.2794,686195
2018-04-19,71.1014,72.0355,70.6368,71.6945,774656
2018-04-20,71.5265,71.5265,70.192,70.706,409044
2018-04-23,71.0915,71.6945,70.3304,70.7851,667625
2018-04-24,71.2398,71.5265,69.4803,69.9251,357282
2018-04-25,69.935,70.4589,69.164,70.3106,407297
2018-04-26,70.6368,71.6253,70.1129,70.3403,421811
2018-04-27,70.4985,71.0817,69.7571,70.7851,626754
2018-04-30,70.6863,71.1657,70.2118,70.4688,565835
2018-05-01,70.6764,71.9515,70.3502,71.5364,1236494
2018-05-02,73.3749,77.8824,73.3749,75.1839,2271458
2018-05-03,75.2333,75.431,73.2069,73.6418,1070883
2018-05-04,73.8988,74.9466,73.3354,74.6501,777191
2018-05-07,74.6501,75.6979,74.3239,75.4903,778079
2018-05-08,75.7374,75.8659,74.7687,75.7077,688988
2018-05-09,76.0241,76.8544,75.6138,76.7951,672891
2018-05-10,76.7358,77.4277,76.1328,77.3091,520269
2018-05-11,77.4079,78.09,77.1015,77.7341,1057217
2018-05-14,77.9121,78.347,77.319,77.4475,579604
2018-05-15,77.1905,77.9714,76.8939,77.2004,512975
2018-05-16,77.1905,78.0603,77.0521,77.7341,479240
2018-05-17,77.5364,78.3569,77.5364,78.001,503159
2018-05-18,78.09,78.6336,77.6254,77.8429,876773
2018-05-21,78.1098,79.0093,77.7144,78.9401,566476
2018-05-22,78.9005,78.9005,77.63,78.0801,1040984
2018-05-23,77.9615,79.2762,77.6551,79.2465,662962
2018-05-24,79.2861,80.0096,78.86,79.5933,806674
2018-05-25,79.6925,80.3565,78.7024,79.97,426355
2018-05-29,79.3357,80.9313,79.3357,80.1682,729270
2018-05-30,80.3961,81.2385,80.3961,80.6736,710184
2018-05-31,81.0601,81.0601,79.2861,79.3357,1364098
2018-06-01,79.7321,80.8124,79.2663,80.2772,837000
2018-06-04,80.2673,81.1348,80.2673,80.634,860234
2018-06-05,80.525,83.4982,80.3267,83.4585,1223625
2018-06-06,83.2504,84.41,82.7747,84.2911,982559
2018-06-07,84.2415,84.7271,82.3363,83.9144,624271
2018-06-08,83.746,84.5487,82.9828,83.9541,454325
2018-06-11,84.1226,84.2613,83.5056,83.855,825609
2018-06-12,83.9937,84.2613,83.0522,83.6568,587571
2018-06-13,83.9838,83.9838,82.626,83.0324,1410037
2018-06-14,83.0423,83.7559,82.7945,83.0918,1193022
2018-06-15,82.7549,84.7866,81.0205,84.7073,1796507
2018-06-18,84.3802,85.0542,83.6072,84.2811,1168375
2018-06-19,83.3495,84.2365,83.0918,83.964,1483646
2018-06-20,84.7866,84.9253,83.2702,83.5378,819919
2018-06-21,83.8946,84.2415,83.1216,83.3099,896966
2018-06-22,83.7757,83.7757,82.5963,83.0225,1223512
2018-06-25,82.9729,83.2455,80.7926,81.635,921789
2018-06-26,81.5854,82.3743,80.7926,81.6548,868328
2018-06-27,81.9323,82.2891,80.0195,80.1484,473602
2018-06-28,80.1682,81.3773,79.7817,80.9908,694607
2018-06-29,81.1593,81.3376,80.0492,80.0691,1105497
2018-07-02,79.5537,81.744,79.3555,81.7242,679906
2018-07-03,81.6449,81.9818,80.634,81.4368,484923
2018-07-05,81.6647,81.8827,80.6736,81.0205,1460277
2018-07-06,81.2286,82.3783,80.2078,82.1701,577966
2018-07-09,82.4675,83.2108,82.19,82.8441,562095
2018-07-10,82.7251,83.6469,82.7251,83.5577,664284
2018-07-11,83.1711,83.5378,82.4278,83.2603,645649
2018-07-12,83.6568,84.41,83.1216,84.3406,834068
2018-07-13,84.2019,85.1632,84.2019,84.519,522513
2018-07-16,84.628,85.0443,84.0135,84.182,378865
2018-07-17,83.8054,85.7826,83.2603,85.411,501161
2018-07-18,86.075,87.3832,85.7083,86.402,957310
2018-07-19,86.5507,87.5715,86.3228,86.6003,945259
2018-07-20,86.6003,86.8637,85.6191,85.6389,542293
2018-07-23,85.847,86.1939,85.3019,85.7578,828890
2018-07-24,86.2336,86.6399,84.1275,84.3406,958020
2018-07-25,84.3208,85.2821,83.627,85.1136,740037
2018-07-26,84.7073,86.6696,83.964,85.9858,776612
2018-07-27,86.0155,86.1245,83.627,83.9144,517517
2018-07-30,84.0235,84.2187,82.4774,82.8342,553729
2018-07-31,83.2504,84.0235,81.4268,83.3396,908229
2018-08-01,83.5081,84.8857,83.0621,83.1414,864343
2018-08-02,83.072,86.6994,82.0611,86.4615,1290157
2018-08-03,86.0056,86.521,83.9144,84.4694,790425
2018-08-06,84.0928,85.1236,83.9541,84.8758,541167
2018-08-07,84.8857,85.8173,84.8857,85.2128,928704
2018-08-08,85.4011,85.4011,84.1919,84.4595,710450
2018-08-09,84.6776,85.2648,84.4143,84.9253,633465
2018-08-10,84.3208,84.7965,83.6072,83.8946,558834
2018-08-13,84.0829,84.5091,83.6171,84.0036,910257
2018-08-14,84.5487,85.3119,83.9938,85.0938,1027785
2018-08-15,84.6082,85.1136,83.7261,84.4694,521286
2018-08-16,85.0344,85.7479,84.9253,85.0839,471177
2018-08-17,85.2524,85.629,84.7866,85.2128,1139866
2018-08-20,85.6686,85.8768,85.0344,85.2028,657595
2018-08-21,85.2425,86.0353,85.1533,85.5794,1778719
2018-08-22,85.5101,85.8669,84.0938,85.1731,600422
2018-08-23,85.0738,86.1636,85.0576,85.7692,729396
2018-08-24,86.2064,86.6336,85.9481,86.2263,834699
2018-08-27,86.2163,87.6271,86.2163,87.0707,599370
2018-08-28,87.0012,87.6867,86.4965,87.5476,479064
2018-08-29,87.7761,88.2331,87.5427,87.7761,423696
2018-08-30,87.5973,87.8854,86.7628,87.0608,656600
2018-08-31,86.9217,87.3191,86.8224,86.9913,556280
2018-09-04,87.3688,88.5908,85.8189,87.1403,671265
2018-09-05,87.2893,87.4085,85.65,86.574,718656
2018-09-06,86.2561,87.2396,85.9779,86.9018,982679
2018-09-07,86.7528,87.5476,86.574,87.0906,474104
2018-09-10,87.0608,87.9848,86.5044,87.9152,416187
2018-09-11,87.9152,89.2763,87.483,89.0975,785350
2018-09-12,89.018,89.0975,87.4582,88.402,700353
2018-09-13,88.8292,89.9122,88.6504,88.8292,480079
2018-09-14,89.177,89.8824,89.1273,89.5644,686176
2018-09-17,89.4253,89.8923,88.2431,88.3126,652657
2018-09-18,88.1239,89.5843,87.4284,88.6902,1068303
2018-09-19,88.9187,89.1869,88.1537,88.4716,1135844
2018-09-20,88.7398,88.9385,88.2629,88.5312,1291736
2018-09-21,88.4616,89.7532,88.2729,88.5014,1404096
2018-09-24,88.2927,88.5411,87.0906,88.402,1178066
2018-09-25,88.6405,88.7299,87.4781,88.6007,1578989
2018-09-26,88.7796,89.3359,87.9053,88.0742,542830
2018-09-27,88.3921,88.6107,87.7066,87.8258,515057
2018-09-28,87.637,88.5809,87.5178,88.3424,648646
2018-10-01,88.6504,88.6902,87.2496,87.3986,667355
2018-10-02,87.1999,87.7463,86.7131,86.9018,681008
2018-10-03,86.9416,87.7761,86.5008,87.7265,879884
2018-10-04,87.6072,87.6072,85.6202,85.8388,775144
2018-10-05,85.7593,86.7429,84.438,85.1135,807370
2018-10-08,84.5373,84.7459,82.3317,83.206,1288399
2018-10-09,83.6133,84.4479,83.0272,83.9213,798798
2018-10-10,83.4544,83.514,80.2652,80.8216,1223319
2018-10-11,80.5235,81.6661,79.7884,79.848,926881
2018-10-12,81.527,82.8583,80.3348,81.835,674470
2018-10-15,81.6164,82.1628,81.0849,81.3084,658903
2018-10-16,81.9741,84.0306,81.3978,83.9114,552982
2018-10-17,84.3187,84.3187,82.5702,83.365,602170
2018-10-18,83.2259,83.9264,82.0039,82.7689,538056
2018-10-19,82.8285,83.206,79.8579,80.1758,1096764
2018-10-22,80.4143,82.2324,80.2652,81.6164,606572
2018-10-23,80.5136,82.898,79.5072,82.6198,943073
2018-10-24,82.4708,82.8782,79.9175,79.9473,1680040
2018-10-25,80.603,81.2687,79.7387,80.4937,772656
2018-10-26,79.4108,80.3845,78.2285,79.1525,833690
2018-10-29,79.9076,81.4028,77.245,78.1491,956098
2018-10-30,78.3279,80.454,78.0994,79.7387,1167304
2018-10-31,84.7658,91.5808,83.4544,89.4253,3432560
2018-11-01,88.9286,91.4322,88.4517,88.6504,1456627
2018-11-02,89.0677,89.5644,86.882,87.4681,1355909
2018-11-05,87.5874,87.7612,86.0971,87.1403,1161483
2018-11-06,86.6435,87.5973,86.3256,87.4483,1313806
2018-11-07,88.2331,89.7631,87.4185,89.6141,1400767
2018-11-08,89.5744,91.1739,88.4318,91.1342,1170556
2018-11-09,90.0214,90.8957,89.485,90.4884,752267
2018-11-12,89.5545,90.6474,87.955,88.6107,631545
2018-11-13,88.7696,89.5942,88.2033,89.0577,752520
2018-11-14,89.5545,89.9519,86.6336,86.6634,1075088
2018-11-15,86.5342,88.0742,85.8189,87.9848,824491
2018-11-16,87.2694,89.5123,86.6833,88.859,629093
2018-11-19,88.7597,89.3161,86.8919,87.2893,591234
2018-11-20,85.4414,86.8422,84.6466,85.4414,836343
2018-11-21,86.2263,88.412,84.9148,86.1667,1048162
2018-11-23,85.7529,87.9162,85.6333,87.5972,295437
2018-11-26,88.2252,89.75,87.637,89.4713,1419136
2018-11-27,89.1523,89.4813,88.3448,88.4944,1662421
2018-11-28,89.0427,91.6346,88.7436,90.8171,984813
2018-11-29,91.166,92.791,90.523,92.1031,859921
2018-11-30,92.2626,93.6284,92.0433,92.3922,1648718
2018-12-03,93.2097,95.672,92.801,95.672,2039792
2018-12-04,95.2633,96.4496,93.3991,93.5586,1650646
2018-12-06,91.7044,95.3929,91.3455,95.2433,1273745
2018-12-07,95.5424,95.6521,90.7773,91.196,1665988
2018-12-10,90.4682,92.2726,89.9399,90.3386,1718599
2018-12-11,91.9337,92.5517,90.0794,90.5081,1161874
2018-12-12,91.3854,92.9479,90.6726,91.2657,1093348
2018-12-13,91.4651,92.4593,89.252,89.5311,1235780
2018-12-14,89.1723,91.1996,87.3778,87.4377,1458416
2018-12-17,86.9492,87.3579,84.0183,84.4669,1239850
2018-12-18,85.3043,86.0021,84.0881,84.776,1046512
2018-12-19,84.3872,86.2115,82.9616,83.9884,1320775
2018-12-20,83.5597,83.8588,78.9341,80.3298,1409018
2018-12-21,80.3198,80.8133,76.6214,77.07,2090340
2018-12-24,76.7609,77.4388,75.0762,75.0961,543587
2018-12-26,75.5646,79.5622,74.0892,79.4226,943359
2018-12-27,78.2463,79.2532,76.731,79.2133,688370
2018-12-28,79.941,81.7454,78.5155,79.5024,774599
2018-12-31,80.25,80.9279,79.5622,80.7983,788517
2019-01-02,79.4326,79.9809,78.5155,78.9242,854238
2019-01-03,77.4587,78.6251,76.3522,76.8905,1096755
2019-01-04,77.9073,78.4855,75.8338,77.6382,1401368
2019-01-07,77.9672,78.7049,77.0201,77.3291,1360621
2019-01-08,77.9572,80.25,77.8874,80.0208,1321989
2019-01-09,81.6656,82.9716,80.5192,81.0775,960252
2019-01-10,80.3996,82.1043,79.504,81.6856,629210
2019-01-11,81.546,82.5928,80.1803,80.3398,1192900
2019-01-14,80.0706,80.3298,78.974,78.994,1051593
2019-01-15,79.4426,80.28,78.8345,80.2401,1418520
2019-01-16,80.6787,81.4028,80.1902,80.28,753911
2019-01-17,79.7317,80.8382,79.7317,80.5092,809187
2019-01-18,80.9778,81.885,80.5192,81.4364,913239
2019-01-22,81.217,81.5759,79.5223,80.0806,812968
2019-01-23,80.5691,82.0146,79.7616,81.1373,955756
2019-01-24,81.227,82.0644,80.8582,80.908,719842
2019-01-25,81.7055,82.3336,80.8781,81.7055,871348
2019-01-28,80.6189,82.1142,80.594,81.8152,1094075
2019-01-29,81.8351,82.4632,81.4762,81.6656,536561
2019-01-30,82.2737,82.842,81.3167,82.7223,477439
2019-01-31,82.7024,83.3305,82.184,83.0114,1082961
2019-02-01,83.2906,83.7491,82.503,83.2906,667576
2019-02-04,83.7192,84.2177,83.0513,83.9286,625423
2019-02-05,84.1878,85.4538,84.0183,85.2644,1220821
2019-02-06,85.3841,85.5735,84.4968,85.1249,1004796
2019-02-07,86.7498,90.9268,86.7299,90.7972,1854685
2019-02-08,90.6178,90.6178,87.7467,90.0296,1148819
2019-02-11,89.9199,91.2159,89.7405,90.229,897010
2019-02-12,90.4084,92.5717,90.4084,92.4321,1166625
2019-02-13,92.7112,92.8707,91.7143,92.4221,829510
2019-02-14,92.3723,94.0271,92.1031,93.5586,829233
2019-02-15,93.5985,94.5555,93.2097,94.5455,903816
2019-02-19,94.1169,94.6851,93.5586,94.386,711569
2019-02-20,94.2664,95.0333,93.8577,94.4957,969572
2019-02-21,94.5356,94.9393,94.087,94.705,560267
2019-02-22,95.28,96.11,94.89,95.75,497211
2019-02-25,96.2,97.0599,95.47,95.57,626746
2019-02-26,95.11,95.79,94.85,95.27,1291917
2019-02-27,94.71,95.17,94.06,94.94,428154
2019-02-28,94.87,94.87,93.85,93.89,555179
2019-03-01,94.25,94.9,93.555,94.83,589917
2019-03-04,95.0,95.5,93.35,94.26,527393
2019-03-05,94.43,94.93,93.7,93.84,628233
2019-03-06,93.98,94.33,93.21,93.21,609030
2019-03-07,92.83,92.83,91.16,91.73,678108
2019-03-08,90.8,92.36,90.53,92.3,478612
2019-03-11,92.56,94.76,92.37,94.71,893194
2019-03-12,95.07,96.12,94.625,95.99,697895
2019-03-13,96.35,97.4,96.16,96.97,823706
2019-03-14,96.78,97.0,96.1,96.62,580648
2019-03-15,96.88,97.82,96.4461,97.82,1238372
2019-03-18,97.62,98.02,96.31,97.03,647809
2019-03-19,97.46,98.22,97.03,97.55,627482
2019-03-20,97.36,97.8,96.5125,97.17,823076
2019-03-21,97.33,99.29,97.25,98.58,733883
2019-03-22,98.42,98.62,95.84,95.87,693482
2019-03-25,95.98,96.0,94.8,95.66,499777
2019-03-26,96.47,96.76,95.23,95.7,1037708
2019-03-27,96.02,96.02,93.77,94.2,569476
2019-03-28,94.72,95.52,94.52,95.11,625085
2019-03-29,95.83,96.67,95.49,96.37,1080055
2019-04-01,97.27,98.89,97.05,98.62,675305
2019-04-02,98.6,99.8,98.17,99.27,579007
2019-04-03,99.98,101.06,99.45,100.5,740327
2019-04-04,100.71,100.94,100.045,100.56,585847
2019-04-05,100.95,101.179,100.37,100.79,555890
2019-04-08,100.54,102.07,99.18,101.99,945140
2019-04-09,101.67,102.12,101.32,101.97,609256
2019-04-10,102.04,104.52,101.9668,104.05,1007865
2019-04-11,104.96,107.09,104.49,106.7,904372
2019-04-12,107.04,107.26,105.94,107.0,1201292
2019-04-15,107.41,108.28,106.71,108.14,1116154
2019-04-16,108.17,108.57,107.45,107.68,753717
2019-04-17,107.61,107.6651,104.66,105.19,698871
2019-04-18,105.61,105.68,104.69,105.39,504702
2019-04-22,105.24,105.39,104.61,104.92,533912
2019-04-23,105.04,106.4,104.8454,106.1,738907
